{
  "Academic librarian": 0.0074982958,
  "Accountant, chartered": 1.0,
  "Accountant, chartered certified": 0.0279627164,
  "Accountant, chartered public finance": 0.0024610336,
  "Accounting technician": 0.0050037908,
  "Acupuncturist": 0.0045495905,
  "Administrator": 0.0046920821,
  "Administrator, arts": 0.0095108696,
  "Administrator, charities/voluntary organisations": 0.0054614965,
  "Administrator, education": 0.00708061,
  "Administrator, local government": 0.008430786,
  "Advertising account executive": 0.0135562585,
  "Advertising account planner": 0.0044429255,
  "Advertising copywriter": 0.0054570259,
  "Advice worker": 0.0046613655,
  "Aeronautical engineer": 0.0095108696,
  "Agricultural consultant": 0.0037894737,
  "Aid worker": 0.0023997257,
  "Air broker": 0.0068166326,
  "Air cabin crew": 0.0135317997,
  "Air traffic controller": 1.0,
  "Airline pilot": 0.0020576132,
  "Ambulance person": 0.0040955631,
  "Amenity horticulturist": 0.004108785,
  "Analytical chemist": 0.0108843537,
  "Animal nutritionist": 0.0071428571,
  "Animal technologist": 0.0041109969,
  "Animator": 0.0063665302,
  "Applications developer": 0.0034328871,
  "Arboriculturist": 0.0052320291,
  "Archaeologist": 0.0075085324,
  "Architect": 0.0088555858,
  "Architectural technologist": 0.0054570259,
  "Archivist": 0.0045558087,
  "Armed forces logistics/support/administrative officer": 0.0072628234,
  "Armed forces technical officer": 1.0,
  "Armed forces training and education officer": 0.0081699346,
  "Art gallery manager": 0.0068027211,
  "Art therapist": 0.0058099795,
  "Artist": 0.0149051491,
  "Arts development officer": 0.0027369141,
  "Associate Professor": 0.0068119891,
  "Audiological scientist": 0.0065901602,
  "Barista": 0.0041039672,
  "Barrister": 0.0035359872,
  "Barrister's clerk": 0.0068166326,
  "Biochemist, clinical": 0.0129076087,
  "Biomedical engineer": 0.0023972603,
  "Biomedical scientist": 0.0050182482,
  "Bookseller": 0.0078976035,
  "Broadcast engineer": 0.0108843537,
  "Broadcast journalist": 1.0,
  "Broadcast presenter": 0.0079720008,
  "Building control surveyor": 0.00626703,
  "Building services engineer": 0.003652968,
  "Building surveyor": 0.0046665149,
  "Buyer, industrial": 0.0070001707,
  "Buyer, retail": 0.0095367847,
  "Cabin crew": 0.004784689,
  "Call centre manager": 0.0046856697,
  "Camera operator": 0.0032,
  "Careers adviser": 1.0,
  "Careers information officer": 0.0045589241,
  "Cartographer": 0.0037658336,
  "Catering manager": 0.0108548168,
  "Ceramics designer": 0.0021312224,
  "Charity fundraiser": 0.0068189567,
  "Charity officer": 0.0162162162,
  "Chartered accountant": 0.0077132486,
  "Chartered legal executive (England and Wales)": 0.006147541,
  "Chartered loss adjuster": 0.0020559211,
  "Chartered public finance accountant": 0.0033297424,
  "Chemical engineer": 0.0061358058,
  "Chemist, analytical": 0.004784689,
  "Chief Executive Officer": 0.0029414648,
  "Chief Financial Officer": 0.006006006,
  "Chief Marketing Officer": 0.0078418002,
  "Chief Operating Officer": 0.0050136737,
  "Chief Strategy Officer": 0.0044093052,
  "Chief Technology Officer": 0.0070883315,
  "Chief of Staff": 0.0135961931,
  "Child psychotherapist": 0.0018838842,
  "Chiropodist": 0.0064327485,
  "Civil Service administrator": 0.0162381597,
  "Civil Service fast streamer": 0.0128726287,
  "Civil engineer, contracting": 0.0064868556,
  "Claims inspector/assessor": 0.0041034569,
  "Clinical biochemist": 0.0078525094,
  "Clinical cytogeneticist": 0.0241935484,
  "Clinical psychologist": 0.0054757016,
  "Clinical research associate": 0.0044474855,
  "Clothing/textile technologist": 0.004335425,
  "Colour technologist": 0.0099106102,
  "Commercial horticulturist": 0.006365083,
  "Commercial/residential surveyor": 0.0043359197,
  "Commissioning editor": 0.0108991826,
  "Communications engineer": 0.0074804488,
  "Community arts worker": 0.0043799617,
  "Community development worker": 0.0292942743,
  "Community education officer": 0.0017140898,
  "Community pharmacist": 0.0081632653,
  "Company secretary": 0.0061349693,
  "Comptroller": 0.0050446663,
  "Conservation officer, historic buildings": 0.0081855389,
  "Conservator, furniture": 0.0095238095,
  "Conservator, museum/gallery": 0.0201884253,
  "Contracting civil engineer": 1.0,
  "Contractor": 0.0004580852,
  "Control and instrumentation engineer": 0.0036563071,
  "Copy": 0.0108991826,
  "Copywriter, advertising": 0.0043941021,
  "Corporate investment banker": 0.0013712719,
  "Counselling psychologist": 0.0053110774,
  "Counsellor": 0.004349447,
  "Curator": 0.0061527944,
  "Cytogeneticist": 0.0030149376,
  "Dance movement psychotherapist": 0.0044490075,
  "Dancer": 1.0,
  "Data scientist": 0.0135135135,
  "Database administrator": 0.0057424118,
  "Dealer": 0.0042514425,
  "Designer, ceramics/pottery": 0.0019678303,
  "Designer, exhibition/display": 0.0009136592,
  "Designer, furniture": 0.0011436414,
  "Designer, industrial/product": 0.0056352459,
  "Designer, interior/spatial": 0.008189263,
  "Designer, jewellery": 0.0043270326,
  "Designer, multimedia": 0.010862186,
  "Designer, television/film set": 0.0135135135,
  "Designer, textile": 0.0061307902,
  "Development worker, community": 0.0051264525,
  "Development worker, international aid": 0.0068135362,
  "Diagnostic radiographer": 0.0068243858,
  "Dispensing optician": 0.0035204381,
  "Doctor, general practice": 0.0024664292,
  "Doctor, hospital": 0.0032894737,
  "Drilling engineer": 0.0040978008,
  "Early years teacher": 0.0039796045,
  "Ecologist": 0.007493188,
  "Economist": 0.0155721056,
  "Editor, commissioning": 0.0037131132,
  "Editor, film/video": 0.0068306011,
  "Editor, magazine features": 0.0051352277,
  "Education administrator": 0.0068166326,
  "Education officer, community": 0.0135501355,
  "Education officer, museum": 0.007493188,
  "Educational psychologist": 0.0050091075,
  "Electrical engineer": 0.0030132859,
  "Electronics engineer": 0.0025114155,
  "Embryologist, clinical": 0.0072628234,
  "Emergency planning/management officer": 0.0081558677,
  "Energy engineer": 0.0049763623,
  "Energy manager": 0.0040983607,
  "Engineer, aeronautical": 0.0081632653,
  "Engineer, agricultural": 0.0041002278,
  "Engineer, automotive": 0.0049689441,
  "Engineer, biomedical": 0.0054570259,
  "Engineer, broadcasting (operations)": 0.0068259386,
  "Engineer, building services": 0.0148648649,
  "Engineer, civil (consulting)": 0.0122615804,
  "Engineer, civil (contracting)": 0.0041002278,
  "Engineer, communications": 0.0,
  "Engineer, control and instrumentation": 0.0041039672,
  "Engineer, drilling": 0.0,
  "Engineer, electronics": 0.0045036225,
  "Engineer, land": 0.0018260671,
  "Engineer, maintenance": 0.0063694268,
  "Engineer, manufacturing": 0.0108695652,
  "Engineer, materials": 0.0095759234,
  "Engineer, mining": 0.0052816901,
  "Engineer, petroleum": 0.0062875888,
  "Engineer, production": 0.0033414338,
  "Engineer, site": 1.0,
  "Engineer, structural": 0.0149051491,
  "Engineer, technical sales": 0.0027369141,
  "Engineer, water": 1.0,
  "Engineering geologist": 0.005292812,
  "English as a foreign language teacher": 0.0122116689,
  "English as a second language teacher": 0.0018845297,
  "Environmental consultant": 0.0033716056,
  "Environmental education officer": 0.0081577158,
  "Environmental health practitioner": 0.0059117781,
  "Environmental manager": 0.0095108696,
  "Equality and diversity officer": 0.0065537957,
  "Equities trader": 0.003652968,
  "Estate manager/land agent": 0.0081855389,
  "Event organiser": 0.0050045496,
  "Exercise physiologist": 0.0079890881,
  "Exhibition designer": 0.0038733197,
  "Exhibitions officer, museum/gallery": 0.0034240712,
  "Facilities manager": 0.0023947999,
  "Farm manager": 0.0054588878,
  "Field seismologist": 0.0077237619,
  "Field trials officer": 0.0175675676,
  "Film/video editor": 0.0037415455,
  "Financial adviser": 0.0038310681,
  "Financial trader": 0.005338962,