{
  "AK": 0.0168747891,
  "AL": 0.0047504315,
  "AR": 0.0043711192,
  "AZ": 0.0041661242,
  "CA": 0.004994099,
  "CO": 0.0058180714,
  "CT": 0.0051006467,
  "DC": 0.006042885,
  "DE": 1.0,
  "FL": 0.0054956808,
  "GA": 0.0054633101,
  "HI": 0.0043847629,
  "IA": 0.0054375838,
  "ID": 0.0041070317,
  "IL": 0.0052079985,
  "IN": 0.0054882521,
  "KS": 0.0058593157,
  "KY": 0.0054171445,
  "LA": 0.003772577,
  "MA": 0.0049538777,
  "MD": 0.0054358013,
  "ME": 0.0057184313,
  "MI": 0.0045423471,
  "MN": 0.0061629212,
  "MO": 0.0047719656,
  "MS": 0.0056293928,
  "MT": 0.0041056765,
  "NC": 0.0045207957,
  "ND": 0.003965444,
  "NE": 0.0062745098,
  "NH": 0.0067365908,
  "NJ": 0.0045828471,
  "NM": 0.0051649806,
  "NV": 0.0058327128,
  "NY": 0.0061129301,
  "OH": 0.0054032149,
  "OK": 0.0052562418,
  "OR": 0.0074598606,
  "PA": 0.0050099411,
  "RI": 0.0201342282,
  "SC": 0.0056552683,
  "SD": 0.0052350063,
  "TN": 0.0063822101,
  "TX": 0.0043764647,
  "UT": 0.00397213,
  "VA": 0.0065379826,
  "VT": 0.0042826552,
  "WA": 0.0046597633,
  "WI": 0.0054626479,
  "WV": 0.0039968244,
  "WY": 0.0042842742
}
